,temperature,replicate,combination,richness,inv_community_CV,resist
1,17,1,Colp,1,3.027986887,0.006468215
2,17,1,"Colp, Dexio",2,1.810235622,-0.001209168
3,17,1,"Colp, Dexio, Loxo, Para",4,3.33626225,0.0011846
4,17,1,"Colp, Dexio, Loxo, Para, Spiro",5,1.907447138,-0.026797639
5,17,1,"Colp, Dexio, Loxo, Spiro",4,2.582987562,0.002484023
6,17,1,"Colp, Dexio, Para, Spiro",4,3.038431162,0.020147456
7,17,1,"Colp, Loxo",2,1.899574935,0.002197224
8,17,1,"Colp, Loxo, Dexio",3,2.951716127,-0.012841585
9,17,1,"Colp, Loxo, Para, Spiro",4,2.959246098,-0.011906182
10,17,1,"Colp, Para",2,2.145926811,-0.014174515
11,17,1,"Colp, Para, Dexio",3,2.408626017,-0.014076345
12,17,1,"Colp, Spiro",2,2.166765139,0.005179282
13,17,1,"Colp, Tetra, Loxo",3,3.074342579,-0.00779303
14,17,1,Dexio,1,0.921078274,0.007324638
15,17,1,"Dexio, Loxo",2,3.236714869,0.004543762
16,17,1,"Dexio, Loxo, Para, Spiro",4,3.373272669,0.007144661
17,17,1,"Dexio, Para",2,2.219634853,0.008124912
18,17,1,"Dexio, Spiro",2,1.838912607,0.002945807
19,17,1,Loxo,1,1.770239737,0.014306363
20,17,1,"Loxo, Para",2,2.636545356,-0.013366599
21,17,1,"Loxo, Spiro",2,1.795390559,0.018131042
22,17,1,Para,1,1.254564745,0.008913667
23,17,1,"Para, Spiro",2,1.9476213,0.00549139
24,17,1,Spiro,1,1.651001119,0.009149309
25,17,1,"Spiro, Colp, Para",3,3.005795709,-0.002948122
26,17,1,"Spiro, Colp, Tetra",3,1.775937328,-0.011618993
27,17,1,"Spiro, Loxo, Dexio",3,2.428538951,-0.014015889
28,17,1,"Spiro, Loxo, Para",3,3.152102886,-0.014505067
29,17,1,"Spiro, Tetra, Dexio",3,1.548209759,-0.004530213
30,17,1,Tetra,1,0.669831257,-0.004422637
31,17,1,"Tetra, Colp",2,3.01934399,0.017790421
32,17,1,"Tetra, Colp, Dexio, Loxo",4,2.168967279,-0.012489792
33,17,1,"Tetra, Colp, Dexio, Loxo, Para",5,3.663968562,-0.026527785
34,17,1,"Tetra, Colp, Dexio, Loxo, Para, Spiro",6,2.996661157,-0.02262984
35,17,1,"Tetra, Colp, Dexio, Loxo, Spiro",5,2.73471994,0.024806773
36,17,1,"Tetra, Colp, Dexio, Para",4,2.115295899,-0.013216942
37,17,1,"Tetra, Colp, Dexio, Para, Spiro",5,3.052457365,0.003751109
38,17,1,"Tetra, Colp, Dexio, Spiro",4,2.891741493,-0.0043895
39,17,1,"Tetra, Colp, Loxo, Para",4,2.129916569,-0.047931676
40,17,1,"Tetra, Colp, Loxo, Para, Spiro",5,3.43071593,0.001991587
41,17,1,"Tetra, Colp, Loxo, Spiro",4,2.711658607,0.032841317
42,17,1,"Tetra, Colp, Para, Spiro",4,3.175899408,-0.010568146
43,17,1,"Tetra, Dexio",2,1.870847894,-0.011390719
44,17,1,"Tetra, Dexio, Loxo, Para",4,2.792273358,-0.013857334
45,17,1,"Tetra, Dexio, Loxo, Para, Spiro",5,2.674927036,0.017591674
46,17,1,"Tetra, Dexio, Loxo, Spiro",4,2.616560196,0.003555748
47,17,1,"Tetra, Dexio, Para, Spiro",4,1.919159448,-0.010030461
48,17,1,"Tetra, Loxo",2,1.714894334,0.020147858
49,17,1,"Tetra, Loxo, Para",3,1.671373776,-0.003457416
50,17,1,"Tetra, Loxo, Para, Spiro",4,2.538874231,-0.008626781
51,17,1,"Tetra, Para",2,1.992821008,-0.001535024
52,17,1,"Tetra, Para, Dexio",3,1.7881603,-0.003912596
53,17,1,"Tetra, Spiro",2,1.45398121,0.002293472
54,17,2,Colp,1,2.50494985,-0.000543214
55,17,2,"Colp, Dexio",2,1.740969337,0.001116696
56,17,2,"Colp, Dexio, Loxo, Para",4,3.104516944,0.002710939
57,17,2,"Colp, Dexio, Loxo, Para, Spiro",5,2.618906449,-0.026244368
58,17,2,"Colp, Dexio, Loxo, Spiro",4,2.883823745,0.019934076
59,17,2,"Colp, Dexio, Para, Spiro",4,2.429724293,-0.004304176
60,17,2,"Colp, Loxo",2,2.702745824,-0.001812956
61,17,2,"Colp, Loxo, Dexio",3,3.132334201,-0.020671227
62,17,2,"Colp, Loxo, Para, Spiro",4,3.131008232,-0.014358593
63,17,2,"Colp, Para",2,3.137646883,-9.09348E-05
64,17,2,"Colp, Para, Dexio",3,2.139016258,-0.016933074
65,17,2,"Colp, Spiro",2,2.410854851,-0.017954644
66,17,2,"Colp, Tetra, Loxo",3,2.196999858,0.010090568
67,17,2,Dexio,1,1.10743476,0.013815143
68,17,2,"Dexio, Loxo",2,3.110955453,0.001129148
69,17,2,"Dexio, Loxo, Para, Spiro",4,2.914702866,0.00794364
70,17,2,"Dexio, Para",2,1.94259551,0.005032211
71,17,2,"Dexio, Spiro",2,1.319777509,-0.012117073
72,17,2,Loxo,1,1.924896916,0.023575937
73,17,2,"Loxo, Para",2,3.003590508,-0.014364504
74,17,2,"Loxo, Spiro",2,2.416593939,0.006479847
75,17,2,Para,1,1.536926948,0.000174401
76,17,2,"Para, Spiro",2,1.837117058,0.008028945
77,17,2,Spiro,1,2.207419496,0.018518071
78,17,2,"Spiro, Colp, Para",3,4.548761715,-0.004282724
79,17,2,"Spiro, Colp, Tetra",3,3.009097879,-0.010354684
80,17,2,"Spiro, Loxo, Dexio",3,2.566439214,-0.019659174
81,17,2,"Spiro, Loxo, Para",3,2.769821883,-0.014536304
82,17,2,"Spiro, Tetra, Dexio",3,1.294153533,-0.010944421
83,17,2,Tetra,1,0.622207506,-0.006540948
84,17,2,"Tetra, Colp",2,2.326501444,0.003739801
85,17,2,"Tetra, Colp, Dexio, Loxo",4,2.069502706,-0.040344269
86,17,2,"Tetra, Colp, Dexio, Loxo, Para",5,2.328149193,-0.026739231
87,17,2,"Tetra, Colp, Dexio, Loxo, Para, Spiro",6,3.620477609,-0.011461843
88,17,2,"Tetra, Colp, Dexio, Loxo, Spiro",5,2.980105414,0.040782008
89,17,2,"Tetra, Colp, Dexio, Para",4,1.58797731,-0.00792723
90,17,2,"Tetra, Colp, Dexio, Para, Spiro",5,3.578782402,-0.000147893
91,17,2,"Tetra, Colp, Dexio, Spiro",4,2.624460068,0.01020067
92,17,2,"Tetra, Colp, Loxo, Para",4,2.103042512,-0.031780481
93,17,2,"Tetra, Colp, Loxo, Para, Spiro",5,3.677866363,-0.001096734
94,17,2,"Tetra, Colp, Loxo, Spiro",4,2.694951034,0.040753238
95,17,2,"Tetra, Colp, Para, Spiro",4,3.352275996,-0.0074682
96,17,2,"Tetra, Dexio",2,1.713165947,-0.005085536
97,17,2,"Tetra, Dexio, Loxo, Para",4,2.367723548,-0.02084439
98,17,2,"Tetra, Dexio, Loxo, Para, Spiro",5,2.874874282,3.91954E-05
99,17,2,"Tetra, Dexio, Loxo, Spiro",4,2.94055824,0.004913154
100,17,2,"Tetra, Dexio, Para, Spiro",4,2.190710648,-0.008436661
101,17,2,"Tetra, Loxo",2,2.00564513,-0.01303389
102,17,2,"Tetra, Loxo, Para",3,1.75313843,-0.024780888
103,17,2,"Tetra, Loxo, Para, Spiro",4,3.065133365,-0.011035508
104,17,2,"Tetra, Para",2,2.134083576,-0.011902084
105,17,2,"Tetra, Para, Dexio",3,1.815023752,-0.002704356
106,17,2,"Tetra, Spiro",2,1.039171939,0.004881318
107,17,3,Colp,1,1.672366547,0.00868746
108,17,3,Dexio,1,1.044217439,0.005436705
109,17,3,Loxo,1,2.483251043,0.002396431
110,17,3,Para,1,1.242113035,-0.003965899
111,17,3,Spiro,1,2.538889944,0.021583926
112,17,3,Tetra,1,0.682693465,8.08618E-05
113,17,3,"Tetra, Colp, Dexio, Loxo, Para, Spiro",6,3.278617996,0.002545726
114,17,4,"Tetra, Colp, Dexio, Loxo, Para, Spiro",6,4.254088432,-0.008065853
115,17,5,"Tetra, Colp, Dexio, Loxo, Para, Spiro",6,3.722240222,-0.008971553
116,19,1,Colp,1,NA,-0.014706171
117,19,1,"Colp, Dexio",2,1.859195512,-0.004702498
118,19,1,"Colp, Dexio, Loxo, Para",4,2.273307299,-0.010839302
119,19,1,"Colp, Dexio, Loxo, Para, Spiro",5,3.581521899,-0.009748044
120,19,1,"Colp, Dexio, Loxo, Spiro",4,2.869801421,-2.82273E-05
121,19,1,"Colp, Dexio, Para, Spiro",4,2.299908963,-0.006830994
122,19,1,"Colp, Loxo",2,2.993061533,-0.013650204
123,19,1,"Colp, Loxo, Dexio",3,1.94758798,-0.009814367
124,19,1,"Colp, Loxo, Para, Spiro",4,3.166891451,-0.012781622
125,19,1,"Colp, Para",2,1.598985926,-0.008400919
126,19,1,"Colp, Para, Dexio",3,2.537287925,-0.004103859
127,19,1,"Colp, Spiro",2,2.839812797,0.00645283
128,19,1,"Colp, Tetra, Loxo",3,3.070647033,0.00865427
129,19,1,Dexio,1,0.99357941,0.002835346
130,19,1,"Dexio, Loxo",2,3.924067671,-0.000517738
131,19,1,"Dexio, Loxo, Para, Spiro",4,2.803602221,-0.012961672
132,19,1,"Dexio, Para",2,1.341207272,-0.001198055
133,19,1,"Dexio, Spiro",2,NA,-0.019200118
134,19,1,Loxo,1,NA,-0.039183353
135,19,1,"Loxo, Para",2,1.782066984,-0.008325778
136,19,1,"Loxo, Spiro",2,2.540700001,0.007882002
137,19,1,Para,1,1.707805633,0.00133731
138,19,1,"Para, Spiro",2,1.922061109,0.002172764
139,19,1,Spiro,1,2.571489421,0.015626009
140,19,1,"Spiro, Colp, Para",3,2.567498145,-0.006483114
141,19,1,"Spiro, Colp, Tetra",3,2.750030284,0.001119069
142,19,1,"Spiro, Loxo, Dexio",3,1.915530809,-0.010824188
143,19,1,"Spiro, Loxo, Para",3,2.805446808,-0.001388812
144,19,1,"Spiro, Tetra, Dexio",3,2.744391761,0.002011762
145,19,1,Tetra,1,0.578184488,-0.001463611
146,19,1,"Tetra, Colp",2,3.564611474,0.002560285
147,19,1,"Tetra, Colp, Dexio, Loxo",4,2.258730526,-0.019292278
148,19,1,"Tetra, Colp, Dexio, Loxo, Para",5,2.388427258,-0.013976889
149,19,1,"Tetra, Colp, Dexio, Loxo, Para, Spiro",6,4.120274055,-0.009261485
150,19,1,"Tetra, Colp, Dexio, Loxo, Spiro",5,3.436419931,0.011731405
151,19,1,"Tetra, Colp, Dexio, Para",4,2.17960526,-0.00401917
152,19,1,"Tetra, Colp, Dexio, Para, Spiro",5,2.858541744,0.000115403
153,19,1,"Tetra, Colp, Dexio, Spiro",4,2.742953717,-0.00025087
154,19,1,"Tetra, Colp, Loxo, Para",4,2.196247579,-0.032204233
155,19,1,"Tetra, Colp, Loxo, Para, Spiro",5,2.970303067,0.006617551
156,19,1,"Tetra, Colp, Loxo, Spiro",4,2.381625697,0.014112741
157,19,1,"Tetra, Colp, Para, Spiro",4,2.684242378,-0.001997618
158,19,1,"Tetra, Dexio",2,1.5631344,-2.01467E-06
159,19,1,"Tetra, Dexio, Loxo, Para",4,1.818528182,-0.013502315
160,19,1,"Tetra, Dexio, Loxo, Para, Spiro",5,2.019308394,0.015460838
161,19,1,"Tetra, Dexio, Loxo, Spiro",4,2.10460048,-0.014989586
162,19,1,"Tetra, Dexio, Para, Spiro",4,2.315025489,-0.004454355
163,19,1,"Tetra, Loxo",2,1.747304911,0.063681288
164,19,1,"Tetra, Loxo, Para",3,1.464345422,-0.023318032
165,19,1,"Tetra, Loxo, Para, Spiro",4,3.382771021,-0.003420316
166,19,1,"Tetra, Para",2,1.514232008,-0.006468762
167,19,1,"Tetra, Para, Dexio",3,1.580033711,-0.00656909
168,19,1,"Tetra, Spiro",2,2.010969399,0.00944872
169,19,2,Colp,1,2.228278561,0.003811948
170,19,2,"Colp, Dexio",2,1.894091979,-0.004490339
171,19,2,"Colp, Dexio, Loxo, Para",4,2.825550637,-0.0054466
172,19,2,"Colp, Dexio, Loxo, Para, Spiro",5,2.416607426,-0.013672358
173,19,2,"Colp, Dexio, Loxo, Spiro",4,3.144963457,-0.004114112
174,19,2,"Colp, Dexio, Para, Spiro",4,2.457400895,0.001386755
175,19,2,"Colp, Loxo",2,2.653306111,-0.005278035
176,19,2,"Colp, Loxo, Dexio",3,2.222249505,-0.005494173
177,19,2,"Colp, Loxo, Para, Spiro",4,3.973360144,-0.006757016
178,19,2,"Colp, Para",2,2.149059954,6.33021E-05
179,19,2,"Colp, Para, Dexio",3,2.410030737,0.001073197
180,19,2,"Colp, Spiro",2,2.182665087,0.005302097
181,19,2,"Colp, Tetra, Loxo",3,2.873947864,-0.002322288
182,19,2,Dexio,1,0.899033201,0.005949239
183,19,2,"Dexio, Loxo",2,2.7832012,-0.003283772
184,19,2,"Dexio, Loxo, Para, Spiro",4,2.890910602,-0.007002643
185,19,2,"Dexio, Para",2,2.419318719,0.000330102
186,19,2,"Dexio, Spiro",2,2.192715432,0.001518991
187,19,2,Loxo,1,1.505607064,0.017076824
188,19,2,"Loxo, Para",2,1.887965658,-0.016740984
189,19,2,"Loxo, Spiro",2,2.391692262,0.004965035
190,19,2,Para,1,NA,-0.019336924
191,19,2,"Para, Spiro",2,1.941946574,-0.005461948
192,19,2,Spiro,1,1.856184937,0.011431918
193,19,2,"Spiro, Colp, Para",3,2.84979806,-0.000590258
194,19,2,"Spiro, Colp, Tetra",3,2.915326662,0.009032769
195,19,2,"Spiro, Loxo, Dexio",3,3.226138796,0.002573188
196,19,2,"Spiro, Loxo, Para",3,2.420323717,0.00213119
197,19,2,"Spiro, Tetra, Dexio",3,2.34415709,0.000601037
198,19,2,Tetra,1,0.509215426,-0.001799263
199,19,2,"Tetra, Colp",2,2.403306141,0.002790672
200,19,2,"Tetra, Colp, Dexio, Loxo",4,2.438187347,-0.002534111
201,19,2,"Tetra, Colp, Dexio, Loxo, Para",5,3.812539452,-0.005747171
202,19,2,"Tetra, Colp, Dexio, Loxo, Para, Spiro",6,2.769143546,-0.009210708
203,19,2,"Tetra, Colp, Dexio, Loxo, Spiro",5,2.36331146,-0.000387407
204,19,2,"Tetra, Colp, Dexio, Para",4,1.749032752,-0.009358145
205,19,2,"Tetra, Colp, Dexio, Para, Spiro",5,2.312230982,0.002900199
206,19,2,"Tetra, Colp, Dexio, Spiro",4,2.61028771,-0.001869276
207,19,2,"Tetra, Colp, Loxo, Para",4,2.732719218,-0.027441306
208,19,2,"Tetra, Colp, Loxo, Para, Spiro",5,2.684875528,-0.005408641
209,19,2,"Tetra, Colp, Loxo, Spiro",4,2.246471184,0.008645446
210,19,2,"Tetra, Colp, Para, Spiro",4,2.811393881,0.000253383
211,19,2,"Tetra, Dexio",2,2.354139281,-0.00236956
212,19,2,"Tetra, Dexio, Loxo, Para",4,2.164516682,-0.0197178
213,19,2,"Tetra, Dexio, Loxo, Para, Spiro",5,3.119764648,-0.00110357
214,19,2,"Tetra, Dexio, Loxo, Spiro",4,2.485016665,0.002589086
215,19,2,"Tetra, Dexio, Para, Spiro",4,1.42466886,-0.009736561
216,19,2,"Tetra, Loxo",2,1.913712295,0.032937093
217,19,2,"Tetra, Loxo, Para",3,1.741404975,-0.023199518
218,19,2,"Tetra, Loxo, Para, Spiro",4,2.532804045,-0.008173378
219,19,2,"Tetra, Para",2,1.64205051,-0.00525197
220,19,2,"Tetra, Para, Dexio",3,1.930295074,-0.003165656
221,19,2,"Tetra, Spiro",2,1.765668635,0.013372174
222,19,3,Colp,1,2.705904973,0.002357073
223,19,3,Dexio,1,1.46477623,0.006353894
224,19,3,Loxo,1,1.695209018,0.006397034
225,19,3,Para,1,1.397861834,0.00198709
226,19,3,Spiro,1,NA,-0.014163007
227,19,3,Tetra,1,NA,-0.015586327
228,19,3,"Tetra, Colp, Dexio, Loxo, Para, Spiro",6,3.953004301,-0.006691266
229,19,4,"Tetra, Colp, Dexio, Loxo, Para, Spiro",6,3.605621084,-0.009772082
230,19,5,"Tetra, Colp, Dexio, Loxo, Para, Spiro",6,3.3647886,-0.00886699
231,21,1,Colp,1,2.629648158,-0.0015005
232,21,1,"Colp, Dexio",2,1.66650466,-0.002686159
233,21,1,"Colp, Dexio, Loxo, Para",4,2.209003079,-0.009861509
234,21,1,"Colp, Dexio, Loxo, Para, Spiro",5,1.779874278,-0.018626592
235,21,1,"Colp, Dexio, Loxo, Spiro",4,2.626022952,-0.007721547
236,21,1,"Colp, Dexio, Para, Spiro",4,1.375193027,-0.009655321
237,21,1,"Colp, Loxo",2,1.576699839,-0.009367947
238,21,1,"Colp, Loxo, Dexio",3,1.974375699,-0.013302347
239,21,1,"Colp, Loxo, Para, Spiro",4,1.744709913,-0.019021103
240,21,1,"Colp, Para",2,NA,-0.0269354
241,21,1,"Colp, Para, Dexio",3,1.78177628,-0.007503603
242,21,1,"Colp, Spiro",2,1.805254419,0.002053376
243,21,1,"Colp, Tetra, Loxo",3,2.321084021,-0.013188484
244,21,1,Dexio,1,0.745791478,-0.001795539
245,21,1,"Dexio, Loxo",2,2.666982863,-0.004128953
246,21,1,"Dexio, Loxo, Para, Spiro",4,4.169027763,-0.011240098
247,21,1,"Dexio, Para",2,0.994940495,-0.004524938
248,21,1,"Dexio, Spiro",2,1.728404475,-0.00181106
249,21,1,Loxo,1,2.292715021,-0.009492465
250,21,1,"Loxo, Para",2,1.445587039,-0.010345548
251,21,1,"Loxo, Spiro",2,2.575453477,-0.000462149
252,21,1,Para,1,0.932925852,-0.004536384
253,21,1,"Para, Spiro",2,1.990449784,-0.0037372
254,21,1,Spiro,1,2.586257696,0.004176891
255,21,1,"Spiro, Colp, Para",3,2.218935997,-0.01130439
256,21,1,"Spiro, Colp, Tetra",3,2.115069114,-0.000562092
257,21,1,"Spiro, Loxo, Dexio",3,2.711043812,-0.007616546
258,21,1,"Spiro, Loxo, Para",3,2.259849782,-0.011507289
259,21,1,"Spiro, Tetra, Dexio",3,1.5585337,7.71207E-05
260,21,1,Tetra,1,0.431060076,-0.008022685
261,21,1,"Tetra, Colp",2,1.576270955,-0.005412747
262,21,1,"Tetra, Colp, Dexio, Loxo",4,1.483217592,-0.020768682
263,21,1,"Tetra, Colp, Dexio, Loxo, Para",5,1.881706543,-0.019426853
264,21,1,"Tetra, Colp, Dexio, Loxo, Para, Spiro",6,1.744178669,-0.017467105
265,21,1,"Tetra, Colp, Dexio, Loxo, Spiro",5,3.459402265,0.000694648
266,21,1,"Tetra, Colp, Dexio, Para",4,1.755676584,-0.009524218
267,21,1,"Tetra, Colp, Dexio, Para, Spiro",5,2.082414235,-0.006516867
268,21,1,"Tetra, Colp, Dexio, Spiro",4,2.983607957,-0.006193433
269,21,1,"Tetra, Colp, Loxo, Para",4,2.167388991,-0.023476811
270,21,1,"Tetra, Colp, Loxo, Para, Spiro",5,2.399996877,-0.017780279
271,21,1,"Tetra, Colp, Loxo, Spiro",4,3.038265144,0.000974632
272,21,1,"Tetra, Colp, Para, Spiro",4,1.812359628,-0.010873786
273,21,1,"Tetra, Dexio",2,1.808500323,-0.003380329
274,21,1,"Tetra, Dexio, Loxo, Para",4,1.733754626,-0.02048745
275,21,1,"Tetra, Dexio, Loxo, Para, Spiro",5,3.294338888,-0.007890158
276,21,1,"Tetra, Dexio, Loxo, Spiro",4,3.124558458,-0.006127234
277,21,1,"Tetra, Dexio, Para, Spiro",4,1.389279063,-0.010800965
278,21,1,"Tetra, Loxo",2,2.512409591,-0.006898921
279,21,1,"Tetra, Loxo, Para",3,1.566126278,-0.017629459
280,21,1,"Tetra, Loxo, Para, Spiro",4,2.270967296,-0.011520843
281,21,1,"Tetra, Para",2,1.120269549,-0.008620523
282,21,1,"Tetra, Para, Dexio",3,1.016009024,-0.007112381
283,21,1,"Tetra, Spiro",2,1.862164727,0.005335914
284,21,2,Colp,1,1.483674965,-0.004210157
285,21,2,"Colp, Dexio",2,1.679159127,-0.005133097
286,21,2,"Colp, Dexio, Loxo, Para",4,1.845460338,-0.009716474
287,21,2,"Colp, Dexio, Loxo, Para, Spiro",5,2.508146309,-0.010120547
288,21,2,"Colp, Dexio, Loxo, Spiro",4,2.44760605,-0.011006928
289,21,2,"Colp, Dexio, Para, Spiro",4,1.590125067,-0.008262878
290,21,2,"Colp, Loxo",2,2.105532207,-0.008597207
291,21,2,"Colp, Loxo, Dexio",3,1.842094147,-0.003792488
292,21,2,"Colp, Loxo, Para, Spiro",4,2.031407244,-0.01503464
293,21,2,"Colp, Para",2,1.281294659,-0.012208413
294,21,2,"Colp, Para, Dexio",3,2.02742225,-0.006658412
295,21,2,"Colp, Spiro",2,1.881755107,-0.006119505
296,21,2,"Colp, Tetra, Loxo",3,2.313000856,-0.009488388
297,21,2,Dexio,1,1.070746036,0.000192354
298,21,2,"Dexio, Loxo",2,3.996937062,0.0025183
299,21,2,"Dexio, Loxo, Para, Spiro",4,3.016602801,-0.0082491
300,21,2,"Dexio, Para",2,1.330997858,-0.000347757
301,21,2,"Dexio, Spiro",2,1.804847338,-0.002596544
302,21,2,Loxo,1,2.473574272,0.012496327
303,21,2,"Loxo, Para",2,1.771773528,-0.010232257
304,21,2,"Loxo, Spiro",2,1.810828061,-0.007745449
305,21,2,Para,1,1.140851529,-0.002925683
306,21,2,"Para, Spiro",2,1.591970836,-0.003628753
307,21,2,Spiro,1,2.330827684,0.004946675
308,21,2,"Spiro, Colp, Para",3,1.692188118,-0.010808202
309,21,2,"Spiro, Colp, Tetra",3,1.786220666,-0.003514206
310,21,2,"Spiro, Loxo, Dexio",3,1.865494451,-0.006228146
311,21,2,"Spiro, Loxo, Para",3,3.237755661,-0.009925386
312,21,2,"Spiro, Tetra, Dexio",3,2.772126139,0.002494124
313,21,2,Tetra,1,0.487714619,-0.008484578
314,21,2,"Tetra, Colp",2,1.813121038,-0.00391745
315,21,2,"Tetra, Colp, Dexio, Loxo",4,1.988517554,-0.01302533
316,21,2,"Tetra, Colp, Dexio, Loxo, Para",5,1.983248713,-0.015810747
317,21,2,"Tetra, Colp, Dexio, Loxo, Para, Spiro",6,5.000439349,-0.014969583
318,21,2,"Tetra, Colp, Dexio, Loxo, Spiro",5,3.452316551,-0.003531911
319,21,2,"Tetra, Colp, Dexio, Para",4,1.873522358,-0.005187797
320,21,2,"Tetra, Colp, Dexio, Para, Spiro",5,1.790766915,-0.006942569
321,21,2,"Tetra, Colp, Dexio, Spiro",4,2.536441486,-0.005165059
322,21,2,"Tetra, Colp, Loxo, Para",4,1.450314391,-0.03027585
323,21,2,"Tetra, Colp, Loxo, Para, Spiro",5,1.991052776,-0.012412502
324,21,2,"Tetra, Colp, Loxo, Spiro",4,3.989309608,0.009918699
325,21,2,"Tetra, Colp, Para, Spiro",4,2.102169642,-0.009488248
326,21,2,"Tetra, Dexio",2,2.261038098,-0.001792917
327,21,2,"Tetra, Dexio, Loxo, Para",4,1.701602165,-0.019578159
328,21,2,"Tetra, Dexio, Loxo, Para, Spiro",5,2.649289091,-0.011332714
329,21,2,"Tetra, Dexio, Loxo, Spiro",4,2.486072025,0.003051653
330,21,2,"Tetra, Dexio, Para, Spiro",4,1.273861943,-0.009004935
331,21,2,"Tetra, Loxo",2,2.189496182,-0.010501219
332,21,2,"Tetra, Loxo, Para",3,1.711408463,-0.017067863
333,21,2,"Tetra, Loxo, Para, Spiro",4,3.832820252,-0.011648768
334,21,2,"Tetra, Para",2,1.102368609,-0.008505822
335,21,2,"Tetra, Para, Dexio",3,1.440294108,-0.004119008
336,21,2,"Tetra, Spiro",2,1.503270045,0.006173472
337,21,3,Colp,1,1.282962121,-0.001114668
338,21,3,Dexio,1,2.345936856,0.00429359
339,21,3,Loxo,1,1.210887337,-0.008440655
340,21,3,Para,1,1.057136294,-0.004940213
341,21,3,Spiro,1,1.583309217,0.001551335
342,21,3,Tetra,1,0.551430457,-0.005574426
343,21,3,"Tetra, Colp, Dexio, Loxo, Para, Spiro",6,2.959551814,-0.016592957
344,21,4,"Tetra, Colp, Dexio, Loxo, Para, Spiro",6,2.764590503,-0.013487653
345,21,5,"Tetra, Colp, Dexio, Loxo, Para, Spiro",6,2.906722376,-0.014298836
346,23,1,Colp,1,1.721331119,-0.003286912
347,23,1,"Colp, Dexio",2,1.384638545,-0.003082036
348,23,1,"Colp, Dexio, Loxo, Para",4,1.23752915,-0.014536979
349,23,1,"Colp, Dexio, Loxo, Para, Spiro",5,1.588832018,-0.018099315
350,23,1,"Colp, Dexio, Loxo, Spiro",4,1.869444769,-0.009940378
351,23,1,"Colp, Dexio, Para, Spiro",4,2.216150086,-0.005995421
352,23,1,"Colp, Loxo",2,1.404609441,-0.01469863
353,23,1,"Colp, Loxo, Dexio",3,2.020857043,-0.011203173
354,23,1,"Colp, Loxo, Para, Spiro",4,2.421554011,-0.015224153
355,23,1,"Colp, Para",2,1.047637698,-0.011267899
356,23,1,"Colp, Para, Dexio",3,1.351695507,-0.00913478
357,23,1,"Colp, Spiro",2,1.491238357,-0.00575478
358,23,1,"Colp, Tetra, Loxo",3,1.388112092,-0.008203149
359,23,1,Dexio,1,0.876086629,-0.001743139
360,23,1,"Dexio, Loxo",2,2.899825203,-0.003095873
361,23,1,"Dexio, Loxo, Para, Spiro",4,2.18949992,-0.010028373
362,23,1,"Dexio, Para",2,1.283958817,-0.004833398
363,23,1,"Dexio, Spiro",2,1.382230173,-0.003386534
364,23,1,Loxo,1,1.119554268,-0.008033522
365,23,1,"Loxo, Para",2,1.252379878,-0.01399174
366,23,1,"Loxo, Spiro",2,3.242457237,0.011513403
367,23,1,Para,1,0.983390089,-0.004669591
368,23,1,"Para, Spiro",2,1.068077535,-0.003553695
369,23,1,Spiro,1,1.507949,0.000944269
370,23,1,"Spiro, Colp, Para",3,1.477083097,-0.007769899
371,23,1,"Spiro, Colp, Tetra",3,2.098110095,-0.004537489
372,23,1,"Spiro, Loxo, Dexio",3,3.378619013,-0.0019282
373,23,1,"Spiro, Loxo, Para",3,2.940467632,-0.005644054
374,23,1,"Spiro, Tetra, Dexio",3,1.418344247,-0.000626197
375,23,1,Tetra,1,0.386281305,-0.005465165
376,23,1,"Tetra, Colp",2,2.238316255,-0.00290059
377,23,1,"Tetra, Colp, Dexio, Loxo",4,1.568611845,-0.011099029
378,23,1,"Tetra, Colp, Dexio, Loxo, Para",5,1.443591722,-0.01595738
379,23,1,"Tetra, Colp, Dexio, Loxo, Para, Spiro",6,1.538729121,-0.015749087
380,23,1,"Tetra, Colp, Dexio, Loxo, Spiro",5,1.8942491,-0.009167718
381,23,1,"Tetra, Colp, Dexio, Para",4,1.340857797,-0.009369172
382,23,1,"Tetra, Colp, Dexio, Para, Spiro",5,1.617756379,-0.00372365
383,23,1,"Tetra, Colp, Dexio, Spiro",4,1.167503204,-0.005737428
384,23,1,"Tetra, Colp, Loxo, Para",4,1.326089745,-0.025156337
385,23,1,"Tetra, Colp, Loxo, Para, Spiro",5,1.593759855,-0.012316567
386,23,1,"Tetra, Colp, Loxo, Spiro",4,1.855510509,-0.005165385
387,23,1,"Tetra, Colp, Para, Spiro",4,1.474510895,-0.008242189
388,23,1,"Tetra, Dexio",2,1.154021698,-0.002387885
389,23,1,"Tetra, Dexio, Loxo, Para",4,1.904416018,-0.018472924
390,23,1,"Tetra, Dexio, Loxo, Para, Spiro",5,3.808061147,-0.011404236
391,23,1,"Tetra, Dexio, Loxo, Spiro",4,1.983736865,-0.008744841
392,23,1,"Tetra, Dexio, Para, Spiro",4,1.629326745,-0.006985616
393,23,1,"Tetra, Loxo",2,3.187347031,-0.007209442
394,23,1,"Tetra, Loxo, Para",3,1.404777374,-0.017608375
395,23,1,"Tetra, Loxo, Para, Spiro",4,1.687892892,-0.01396369
396,23,1,"Tetra, Para",2,1.630725508,-0.00465838
397,23,1,"Tetra, Para, Dexio",3,1.141389002,-0.002997127
398,23,1,"Tetra, Spiro",2,1.164499969,0.00111845
399,23,2,Colp,1,1.441246325,-0.003237245
400,23,2,"Colp, Dexio",2,1.730701495,-0.001685874
401,23,2,"Colp, Dexio, Loxo, Para",4,1.201998631,-0.015218922
402,23,2,"Colp, Dexio, Loxo, Para, Spiro",5,2.383006664,-0.01198799
403,23,2,"Colp, Dexio, Loxo, Spiro",4,2.839374921,-0.011851255
404,23,2,"Colp, Dexio, Para, Spiro",4,1.337381994,-0.007743165
405,23,2,"Colp, Loxo",2,1.530847446,-0.009669676
406,23,2,"Colp, Loxo, Dexio",3,1.403719731,-0.009647749
407,23,2,"Colp, Loxo, Para, Spiro",4,1.968931885,-0.012737786
408,23,2,"Colp, Para",2,1.02366676,-0.010696202
409,23,2,"Colp, Para, Dexio",3,1.486868832,-0.008058402
410,23,2,"Colp, Spiro",2,1.192206573,-0.006134443
411,23,2,"Colp, Tetra, Loxo",3,1.268041208,-0.011139422
412,23,2,Dexio,1,0.889802086,-0.001394431
413,23,2,"Dexio, Loxo",2,3.599389906,-0.001020532
414,23,2,"Dexio, Loxo, Para, Spiro",4,3.367202973,-0.00885706
415,23,2,"Dexio, Para",2,1.02473838,-0.003846041
416,23,2,"Dexio, Spiro",2,2.061264531,0.002181629
417,23,2,Loxo,1,1.03470815,-0.004810285
418,23,2,"Loxo, Para",2,1.398797908,-0.01324067
419,23,2,"Loxo, Spiro",2,2.235638722,-0.000442712
420,23,2,Para,1,0.968868895,-0.005086088
421,23,2,"Para, Spiro",2,1.373671879,-0.004371109
422,23,2,Spiro,1,2.405223057,0.003387587
423,23,2,"Spiro, Colp, Para",3,1.167531277,-0.009845818
424,23,2,"Spiro, Colp, Tetra",3,1.525798868,-0.004939772
425,23,2,"Spiro, Loxo, Dexio",3,2.3885316,-0.004669583
426,23,2,"Spiro, Loxo, Para",3,2.903036436,-0.007199645
427,23,2,"Spiro, Tetra, Dexio",3,2.007877913,-0.000362055
428,23,2,Tetra,1,0.655083991,-0.004385685
429,23,2,"Tetra, Colp",2,1.571939135,-0.00414661
430,23,2,"Tetra, Colp, Dexio, Loxo",4,2.421968112,-0.0133008
431,23,2,"Tetra, Colp, Dexio, Loxo, Para",5,1.42607895,-0.016399925
432,23,2,"Tetra, Colp, Dexio, Loxo, Para, Spiro",6,1.592813292,-0.017311753
433,23,2,"Tetra, Colp, Dexio, Loxo, Spiro",5,2.524242675,-0.002424777
434,23,2,"Tetra, Colp, Dexio, Para",4,1.350073612,-0.010062641
435,23,2,"Tetra, Colp, Dexio, Para, Spiro",5,1.271623325,-0.006538641
436,23,2,"Tetra, Colp, Dexio, Spiro",4,3.386003337,-0.004662292
437,23,2,"Tetra, Colp, Loxo, Para",4,1.165290647,-0.024473518
438,23,2,"Tetra, Colp, Loxo, Para, Spiro",5,1.770158269,-0.017225716
439,23,2,"Tetra, Colp, Loxo, Spiro",4,2.040715917,-0.003849297
440,23,2,"Tetra, Colp, Para, Spiro",4,1.479012754,-0.008105268
441,23,2,"Tetra, Dexio",2,0.893956562,-0.003383406
442,23,2,"Tetra, Dexio, Loxo, Para",4,1.226891475,-0.0173277
443,23,2,"Tetra, Dexio, Loxo, Para, Spiro",5,1.933798495,-0.011624644
444,23,2,"Tetra, Dexio, Loxo, Spiro",4,2.403641918,-0.006218212
445,23,2,"Tetra, Dexio, Para, Spiro",4,1.005396146,-0.00709442
446,23,2,"Tetra, Loxo",2,2.670444176,-0.002085059
447,23,2,"Tetra, Loxo, Para",3,1.098118128,-0.017700757
448,23,2,"Tetra, Loxo, Para, Spiro",4,2.700845251,-0.010518983
449,23,2,"Tetra, Para",2,1.23067458,-0.008293536
450,23,2,"Tetra, Para, Dexio",3,1.248907554,-0.003978814
451,23,2,"Tetra, Spiro",2,1.474534391,0.003419122
452,23,3,Colp,1,1.55277766,-0.003109187
453,23,3,Dexio,1,1.094980501,-0.001272088
454,23,3,Loxo,1,1.058649058,-0.008866665
455,23,3,Para,1,1.179363854,-0.00429708
456,23,3,Spiro,1,2.610147196,0.003673824
457,23,3,Tetra,1,0.493546459,-0.00578057
458,23,3,"Tetra, Colp, Dexio, Loxo, Para, Spiro",6,1.710175491,-0.015791842
459,23,4,"Tetra, Colp, Dexio, Loxo, Para, Spiro",6,1.92545146,-0.01587982
460,23,5,"Tetra, Colp, Dexio, Loxo, Para, Spiro",6,2.988416509,-0.01582558
461,25,1,Colp,1,2.171079741,-0.00340065
462,25,1,"Colp, Dexio",2,0.951590633,-0.006055598
463,25,1,"Colp, Dexio, Loxo, Para",4,1.220981381,-0.011935799
464,25,1,"Colp, Dexio, Loxo, Para, Spiro",5,1.987389317,-0.013642518
465,25,1,"Colp, Dexio, Loxo, Spiro",4,1.849564439,-0.007411649
466,25,1,"Colp, Dexio, Para, Spiro",4,1.635835529,-0.007346386
467,25,1,"Colp, Loxo",2,1.386093324,-0.012021994
468,25,1,"Colp, Loxo, Dexio",3,1.609402087,-0.009040778
469,25,1,"Colp, Loxo, Para, Spiro",4,2.739987029,-0.011322783
470,25,1,"Colp, Para",2,1.076474787,-0.009046147
471,25,1,"Colp, Para, Dexio",3,1.251622027,-0.007002038
472,25,1,"Colp, Spiro",2,1.475574207,-0.004146256
473,25,1,"Colp, Tetra, Loxo",3,1.549555064,-0.009275438
474,25,1,Dexio,1,0.812160578,-0.001187138
475,25,1,"Dexio, Loxo",2,2.412092092,-0.003712104
476,25,1,"Dexio, Loxo, Para, Spiro",4,1.840584693,-0.010354555
477,25,1,"Dexio, Para",2,1.399914954,-0.003931474
478,25,1,"Dexio, Spiro",2,1.884025399,-0.001977026
479,25,1,Loxo,1,2.773271736,-0.002057532
480,25,1,"Loxo, Para",2,0.969809538,-0.012149358
481,25,1,"Loxo, Spiro",2,2.294853016,0.005084591
482,25,1,Para,1,1.120272828,-0.002126327
483,25,1,"Para, Spiro",2,1.340581498,-0.003289577
484,25,1,Spiro,1,2.113127914,0.004702257
485,25,1,"Spiro, Colp, Para",3,1.645983669,-0.008384632
486,25,1,"Spiro, Colp, Tetra",3,1.75142321,-0.002064022
487,25,1,"Spiro, Loxo, Dexio",3,1.815461376,-0.006732675
488,25,1,"Spiro, Loxo, Para",3,1.363056973,-0.012113272
489,25,1,"Spiro, Tetra, Dexio",3,1.166135617,-0.00074586
490,25,1,Tetra,1,1.288882623,-0.005510037
491,25,1,"Tetra, Colp",2,1.304414708,-0.004369039
492,25,1,"Tetra, Colp, Dexio, Loxo",4,1.531520863,-0.015252017
493,25,1,"Tetra, Colp, Dexio, Loxo, Para",5,1.444467389,-0.01420016
494,25,1,"Tetra, Colp, Dexio, Loxo, Para, Spiro",6,2.176982935,-0.011803526
495,25,1,"Tetra, Colp, Dexio, Loxo, Spiro",5,2.413095149,-0.008405237
496,25,1,"Tetra, Colp, Dexio, Para",4,1.492425362,-0.007029272
497,25,1,"Tetra, Colp, Dexio, Para, Spiro",5,2.369494153,-0.004836659
498,25,1,"Tetra, Colp, Dexio, Spiro",4,1.213075265,-0.003811093
499,25,1,"Tetra, Colp, Loxo, Para",4,0.916935218,-0.022654295
500,25,1,"Tetra, Colp, Loxo, Para, Spiro",5,1.1792518,-0.015502998
501,25,1,"Tetra, Colp, Loxo, Spiro",4,2.746795626,0.004879024
502,25,1,"Tetra, Colp, Para, Spiro",4,1.754288171,-0.008117646
503,25,1,"Tetra, Dexio",2,1.428908389,-0.000689252
504,25,1,"Tetra, Dexio, Loxo, Para",4,1.260222073,-0.014661737
505,25,1,"Tetra, Dexio, Loxo, Para, Spiro",5,1.657170329,-0.010296144
506,25,1,"Tetra, Dexio, Loxo, Spiro",4,2.37830562,-0.003482832
507,25,1,"Tetra, Dexio, Para, Spiro",4,1.226524079,-0.00610303
508,25,1,"Tetra, Loxo",2,1.932341062,0.002926306
509,25,1,"Tetra, Loxo, Para",3,1.060481372,-0.01627915
510,25,1,"Tetra, Loxo, Para, Spiro",4,2.587809708,-0.009229412
511,25,1,"Tetra, Para",2,0.97908217,-0.007213957
512,25,1,"Tetra, Para, Dexio",3,1.280237557,-0.003197381
513,25,1,"Tetra, Spiro",2,1.375111265,0.000860671
514,25,2,Colp,1,2.559264407,-0.003422085
515,25,2,"Colp, Dexio",2,1.091341901,-0.004115993
516,25,2,"Colp, Dexio, Loxo, Para",4,1.476601283,-0.011133738
517,25,2,"Colp, Dexio, Loxo, Para, Spiro",5,2.402554637,-0.009859629
518,25,2,"Colp, Dexio, Loxo, Spiro",4,2.704087043,-0.006959577
519,25,2,"Colp, Dexio, Para, Spiro",4,1.174934623,-0.005980905
520,25,2,"Colp, Loxo",2,3.321582337,-0.002841853
521,25,2,"Colp, Loxo, Dexio",3,1.268575867,-0.010449337
522,25,2,"Colp, Loxo, Para, Spiro",4,2.217712036,-0.012312792
523,25,2,"Colp, Para",2,1.108673859,-0.009156541
524,25,2,"Colp, Para, Dexio",3,1.004051435,-0.007882539
525,25,2,"Colp, Spiro",2,1.721109031,-0.003790353
526,25,2,"Colp, Tetra, Loxo",3,1.348960693,-0.010223329
527,25,2,Dexio,1,1.255050887,0.000320309
528,25,2,"Dexio, Loxo",2,3.54234059,-0.003031147
529,25,2,"Dexio, Loxo, Para, Spiro",4,2.075807623,-0.00824085
530,25,2,"Dexio, Para",2,1.311304464,-0.003349433
531,25,2,"Dexio, Spiro",2,2.324476983,0.001173447
532,25,2,Loxo,1,1.781985827,-0.00314247
533,25,2,"Loxo, Para",2,1.055639907,-0.011916035
534,25,2,"Loxo, Spiro",2,1.557180383,-0.003144125
535,25,2,Para,1,0.87341523,-0.002226247
536,25,2,"Para, Spiro",2,1.363459788,-0.002271618
537,25,2,Spiro,1,NA,-0.005665203
538,25,2,"Spiro, Colp, Para",3,1.339311721,-0.009018171
539,25,2,"Spiro, Colp, Tetra",3,1.89168671,-0.003184499
540,25,2,"Spiro, Loxo, Dexio",3,3.053538007,-0.001538733
541,25,2,"Spiro, Loxo, Para",3,2.565001841,-0.005703737
542,25,2,"Spiro, Tetra, Dexio",3,1.128638259,-0.000885325
543,25,2,Tetra,1,0.376026887,-0.005575054
544,25,2,"Tetra, Colp",2,1.511784206,-0.003528821
545,25,2,"Tetra, Colp, Dexio, Loxo",4,1.135108046,-0.01597258
546,25,2,"Tetra, Colp, Dexio, Loxo, Para",5,1.325329291,-0.015566037
547,25,2,"Tetra, Colp, Dexio, Loxo, Para, Spiro",6,3.150896146,-0.00912974
548,25,2,"Tetra, Colp, Dexio, Loxo, Spiro",5,2.379670667,-0.003195851
549,25,2,"Tetra, Colp, Dexio, Para",4,1.393706661,-0.00689513
550,25,2,"Tetra, Colp, Dexio, Para, Spiro",5,1.447811941,-0.005394191
551,25,2,"Tetra, Colp, Dexio, Spiro",4,2.176399886,-0.004241479
552,25,2,"Tetra, Colp, Loxo, Para",4,1.1371856,-0.021591984
553,25,2,"Tetra, Colp, Loxo, Para, Spiro",5,1.888935081,-0.01242826
554,25,2,"Tetra, Colp, Loxo, Spiro",4,2.422860337,-0.005147718
555,25,2,"Tetra, Colp, Para, Spiro",4,1.192947981,-0.004958332
556,25,2,"Tetra, Dexio",2,1.546977797,-0.00444085
557,25,2,"Tetra, Dexio, Loxo, Para",4,1.210025629,-0.013868438
558,25,2,"Tetra, Dexio, Loxo, Para, Spiro",5,3.459641923,-0.007471427
559,25,2,"Tetra, Dexio, Loxo, Spiro",4,2.478406803,-0.002077285
560,25,2,"Tetra, Dexio, Para, Spiro",4,1.61737276,-0.004866187
561,25,2,"Tetra, Loxo",2,2.259460918,-0.00080838
562,25,2,"Tetra, Loxo, Para",3,0.992412772,-0.014812547
563,25,2,"Tetra, Loxo, Para, Spiro",4,2.102684797,-0.009614427
564,25,2,"Tetra, Para",2,1.368833763,-0.005711388
565,25,2,"Tetra, Para, Dexio",3,1.022963479,-0.005955991
566,25,2,"Tetra, Spiro",2,1.389015936,0.002974745
567,25,3,Colp,1,1.019172057,-0.004665069
568,25,3,Dexio,1,1.395102342,-0.000209168
569,25,3,Loxo,1,2.407039006,0.000793315
570,25,3,Para,1,1.007411086,-0.002558398
571,25,3,Spiro,1,2.637033295,0.004230564
572,25,3,Tetra,1,0.451227828,-0.005790193
573,25,3,"Tetra, Colp, Dexio, Loxo, Para, Spiro",6,2.42717091,-0.011330269
574,25,4,"Tetra, Colp, Dexio, Loxo, Para, Spiro",6,2.619858644,-0.010354859
575,25,5,"Tetra, Colp, Dexio, Loxo, Para, Spiro",6,1.757811404,-0.009766381